location_clean,latitude,longitude
a narayanapura,12.9959732,77.678136
aavalahalli,,
abbaiah reddy layout,12.9792262,77.680936
abbigere,13.0784177,77.5245316
abshot layout,12.9930728,77.5866428
achins road,,
adarsh nagar,13.0305452,77.609433
addischetan layout,,
adigondanhalli,,
adityanagar,,
adugodi,12.9440234,77.6088867
aecs layout,12.964118,77.7130369
aecs layout a block singasandra,12.8814296,77.6525387
agara village,12.8446015,77.4879398
agb layout,,
agrahara dasarahalli,12.9830171,77.5399064
ags layout,12.9127651,77.5340498
air view colony,12.9547408,77.6612636
aishwarya crystal layout,,
akash nagar,12.9591286,77.6974983
akshaya nagar,13.0985378,77.5656142
akshaya nagar t c palya,,
akshaya vana,,
akshayanagara east,,
akshayanagara west,,
akshya nagar,,
alfa garden layout,12.9684751,77.5981066
allalasandra,13.0910132,77.5863933
alur,12.9602442,77.5728615
amam enclave layout,,
amarjyothi colony,,
ambalipura,12.9173303,77.667161
ambedkar colony,12.9714667,77.6951459
ambedkar nagar,12.9798531,77.7541055
amblipura,,
amco colony,,
amrita nagar,12.8833237,77.6840048
amruthahalli,13.0648427,77.5993429
amruthnagar,13.0569904,77.5981092
ams layout,13.0877316,77.5585759
anand nagar,13.0346991,77.5944561
anandapura,13.0239276,77.6923621
anantapura,13.1150894,77.5679972
anantapuram,,
ananth nagar,,
ananthapura t c palaya main road,,
anathanagar,,
andrahalli,13.0196883,77.4889451
anekal,12.7784026,77.7393213
anjana nagar,13.0257924,77.6037965
anjananager magdi road,,
anjanapura,12.8601312,77.5540587
anjappa layout,,
ankappa layout,,
annaiah reddy layout,12.9797385,77.624122
annapurneshwari nagar,12.9770585,77.6318947
annasandrapalya,,
anugrah layout,,
anwar layout,,
arasanakunte,,
ardendale,13.0261316,77.7664705
arehalli,12.9084491,77.537781
arekempanahalli,12.9446007,77.594691
arekere,12.8872086,77.5960493
arishinakunte,13.0784775,77.4225682
arudi,13.48395,77.4049643
asha township off hennur road,,
ashirvad colony,12.9398513,77.5740326
ashok nagar,12.9694359,77.6092319
ashraya layout,12.9858241,77.7054539
ashwath nagar,12.9619639,77.6988922
ashwathnagar,13.0259402,77.5795403
ashwini layout,12.9396583,77.6288969
asthagrama layout,,
atmananda colony,,
attibele,12.7751249,77.7709216
attiguppe,12.9618745,77.5335505
attur layout,13.0994536,77.5680336
austin town,12.9612736,77.6152935
avalahalli,12.9459464,77.5409354
ayappa nagar,12.9709083,77.6700294
b channasandra,13.0099152,77.6602721
b k nagar,12.9215439,77.5996741
b narayanapura,12.9980556,77.6848622
b y raveshwara nagar,,
baba nagar,12.9725631,77.6384587
babusapalaya,13.0283523,77.650469
badavala nagar,,
badrappa layout,,
bagalakunte,,
bagalur,13.0079918,77.6184726
bagalur main road,13.0887495,77.6547635
bagur,,
bagur road,,
bahubali nagar,13.0450669,77.5492146
balagere,12.9377243,77.7280705
balaji gardens layout,,
balepet,12.9731178,77.5759323
banagiri nagar,12.9228552,77.5586323
banagirinagar,,
banasawadi,13.0144163,77.6509289
banashankari,12.9278196,77.556621
banashankari nd stage,12.8833077,77.5042158
banashankari rd stage bigbazar,,
banashankari rd stage vivekanandanagar,,
banashankari stage,12.9272865,77.5615907
banashankari stage i,12.8849238,77.5154846
banashankari stage ii,12.8849238,77.5154846
banashankari stage iii,,
banashankari stage iii sa,,
banashankari stage v,12.8849238,77.5154846
banashankari stage vi,12.8849238,77.5154846
banashankari th stage,12.8833077,77.5042158
banashankari th stage nd block,,
banashankari th stage subramanyapura,,
banaswadi,13.0141618,77.6518539
bande nallasandra,12.791765,77.6515627
bandepalya,12.8804001,77.6491258
banjara layout,13.0382854,77.6652622
bank avenue,13.0225678,77.6527986
bank of baroda colony,12.893481,77.5837404
bannerghatta,12.9088338,77.6003182
bapuji layout,,
bapuji nagar,12.9556699,77.5402492
basapura,12.8686664,77.6441741
basava nagar,12.9854757,77.5887667
basavanagara,12.9667792,77.6828496
basavanagudi,12.9417261,77.5755021
basavanapura,13.0093485,77.7108379
basavanna nagar,12.988867,77.7204442
basaveshwara nagar,12.991257,77.5384096
basaveshwarnagar,,
basaveswarnagar,,
basnashankari th stage,,
basvasamithi layout vidyaranyapura,,
battarahalli,13.011473,77.7099343
bcc layout,12.955703,77.5313329
bcmc layout,12.8766824,77.550238
bds layout,13.0657851,77.6433286
bedroom farm house in bagalur,,
bedroom farm house in lakshmipura,,
bedroom furnished farm house in kolar road,,
begur,12.8633887,77.6130112
begur road,12.9031594,77.6273213
behind don bosco church,,
bel layout,13.0729675,77.554357
bel road,13.0564344,77.5470747
belathur,12.9989822,77.7408733
belatur,12.9975859,77.7559053
bellandur,12.9371445,77.6720227
bellari road,,
beml layout,12.9610393,77.7164597
beml layout basaveshwara nagar,,
beml layout rajarajeshwari nagar,12.9178772,77.5204317
beml layout th stage,12.9604302,77.7191433
bendiganahalli,12.8125911,77.7377299
bennigana halli,,
benson town,12.997343,77.6036815
bethel nagar,12.9581548,77.60537
bettadasanapura,12.8415691,77.6319433
bettahalsoor,,
bhagyalakshmi avenue,,
bharat nagar,12.9730088,77.5804711
bharath housing society layout,,
bharathi nagar,12.9898432,77.6103341
bharathnagar,12.9801263,77.4784076
bhattarahalli,13.0255971,77.7145545
bhel layout,12.9184375,77.5092496
bhoganhalli,,
bhoopsandra,,
bhuvaneshwari nagar,12.9715261,77.5595225
bhuvaneswari nagar,13.0547459,77.6024403
bidadi,12.8861649,77.5822896
bidere agarahara behind safal market,,
bidrahalli,,
bikasipura,,
bilal nagar,12.9208594,77.5996086
bileshivale,13.0543306,77.6710224
billamaranahalli,13.1503834,77.6374474
billapura,12.8410686,77.7887246
billekahalli,,
binnamangala,12.9839881,77.6416769
binny mills employees colony,,
binny pete,,
bisuvanahalli,,
bommanahalli,12.9034582,77.6230028
bommasandra,12.816016,77.6892217
bommasandra industrial area,12.8137512,77.6953367
bommenahalli,13.0742536,77.7465943
brigade road,12.9736441,77.6075085
brindavan layout,12.9116021,77.5692016
brindavan nagar,12.9740894,77.6086376
brooke bond first cross,12.964701,77.7495926
brookefield,12.9652094,77.717936
bsk th stage ad block near sri conversation hall,,
bsm extension,,
btm layout,12.9140008,77.6102821
btm nd stage,,
btm st stage,,
btm th stage,,
budigere,13.1351506,77.7471989
bull temple road,12.9441017,77.5678106
byadarahalli,12.9779094,77.484086
byagadadhenahalli,,
byappanahalli,12.9896869,77.6541742
byatarayanapura,13.068322,77.591006
byrasandra,12.9295931,77.581181
byrasandra extension,,
byrathi village,,
cambridge layout,13.0076285,77.7258775
cambridge road,12.9709964,77.6278632
canara bank colony,12.9311905,77.5908939
canara bank layout,13.068572,77.5783554
carmelaram,12.9111998,77.7065133
celebrity paradise layout,12.8481732,77.6531976
chaitanya ananya,,
challaghatta,12.9451006,77.651534
chambenahalli,12.8886379,77.7662379
chamrajpet,12.9584184,77.5629161
chamundi nagar,13.0341222,77.5993048
chandapura,12.8009043,77.7114908
chandra layout,12.955333,77.5238903
channasandra,12.9873426,77.7538033
channasandra layout,13.0059276,77.6594682
chelekare,,
chellikere,,
chennammana kere,,
chennammanakere achukattu,,
chennappa layout,,
chickpet,13.0967578,77.5840299
chikbasavanapura,,
chikka banaswadi,13.0057413,77.6508239
chikka gowdanapalya,,
chikka tirupathi,12.8957681,77.8671014
chikkaballapur,13.0993764,77.388729
chikkabanavar,,
chikkabettahalli,13.0895199,77.5563736
chikkabidarakallu,13.0523616,77.4879154
chikkadunnasandra,12.8501962,77.7742942
chikkagubbi,13.0823779,77.661558
chikkajala,13.1679234,77.6372834
chikkakannalli,12.893703,77.7081315
chikkalasandra,12.9121916,77.5476337
chikkanahalli,12.9058433,77.6202731
chikkasandra,13.0963679,77.7047925
chikkathoguru,12.8638459,77.653398
chikkatirupathi,,
chikku lakshmaiah layout,12.9350706,77.6116041
chinnapanahalli,12.9708771,77.707147
chokkahalli,13.111495,77.8348071
chokkanahalli,13.0850788,77.6263539
chokkasandra,13.0405342,77.5112239
cholanayakanahalli,13.0364498,77.5975272
choodasandra,12.8883623,77.6799727
chowdeshwari layout,12.904198,77.5621046
chuchangatta colony,,
church street,12.9749142,77.6052474
ckikkakammana halli,,
classic paradise layout,,
cleveland town,12.9940417,77.6116055
cmh road,12.9782612,77.6354958
coconut garden,12.96107,77.5190659
coconut grove layout,,
coffee board layout,13.0503251,77.6060803
cooke town,13.0021998,77.6251814
cooketown,,
cottonpet,12.963891,77.5685298
cox town,12.9934859,77.6251081
cqal layout,13.107164,77.5682911
cqal layout c block,,
cr layout,12.874911,77.6107073
craig park layout,12.9713834,77.6158386
crimson layout,12.9799554,77.7109706
cubbon road,12.9770707,77.60935
cunningham road,12.9869823,77.5950068
cv raman nagar,12.9850987,77.6631174
d group employees layout,13.0987089,77.6926314
d souza layout,12.9696296,77.5968003
daadys gaarden layout,,
dairy circle,13.0995253,77.576873
dasanapura,12.7467724,77.7742876
dasappa layout,13.0828573,77.6491865
dasarahalli,13.0464819,77.5176977
deepanjali nagar,12.9520333,77.5369961
defence colony,12.976171,77.6435315
defence layout,13.0613024,77.5847273
dena bank colony,12.9600676,77.6447244
devanahalli,13.2483502,77.7134377
devanahalli int airport,,
devanahalli road,13.2008264,77.7023538
devara jeevanahalli,,
devarabeesana halli,,
devarabisanahalli,12.9234847,77.6869662
devarachikkanahalli,12.8931539,77.6219724
devasandra extension,13.0219498,77.5722288
devasthanagalu,,
devi nagar,13.0161096,77.5288243
dhanalakshmi layout,12.9724999,77.651454
dinnur,13.0268586,77.5985884
divya unnathi layout,,
doctor layout rayasandra,,
doctors layout,13.0053365,77.6581854
dodda banaswadi,13.0133522,77.6497417
dodda kempaiah layout,13.0362694,77.671033
dodda nekkundi,12.9725581,77.692858
dodda nekkundi extension,,
doddaballapur,13.2929583,77.5431463
doddabanahalli,13.0271648,77.7473867
doddabele,12.8979957,77.4770139
doddabidrakallu,,
doddabommasandra,13.0544347,77.559327
doddagubbi,13.0720681,77.6683289
doddakallasandra,12.8857355,77.5557448
doddakammanahalli,12.8509089,77.5986785
doddakannelli,12.9115381,77.6934164
doddanakundi industrial area,12.9859964,77.7128545
doddanakunte,,
doddanekundi,12.9713194,77.6964768
doddathoguru,12.8505644,77.6466948
dodsworth layout,12.9708022,77.7440554
dollar scheme colony,12.9181537,77.6195361
dollars colony,13.0413668,77.5678155
dollars layout,12.9040098,77.5955558
dominic layout,,
domlur,12.9624669,77.6381958
domlur layout,12.9644251,77.6349677
dommasandra,12.8777098,77.7534769
doopanahalli,12.9674584,77.6396382
dooravani nagar,12.9948307,77.6768968
double road,12.961074,77.5940558
dr shivarama karantha nagar,,
duddanahalli,13.2737774,77.6030366
duo layout,13.116862,77.5730743
duvasapalya,12.9230351,77.4959631
dwaraka nagar,13.1208483,77.6186871
dwarka nagar,13.0880852,77.4949031
ejipura,12.945245,77.6274776
elachenahalli,,
electronic city,12.8487599,77.648253
electronics city phase,12.8407163,77.6773646
epip zone,12.9781922,77.7246451
escorts colony,13.1023262,77.5859726
esther enclave layout,,
ex servicemen colony dinnur main road r t nagar,,
ferrar nagar,13.1164358,77.5642942
fraser town,13.0027542,77.6157507
frazer town,12.9975851,77.6136744
frazertown,,
friends colony,12.9634532,77.6569219
gandhi bazar,12.9483481,77.5707957
gandhi nagar,12.9771534,77.5800313
ganesha block,13.0253417,77.6019556
ganga nagar,13.0232471,77.5883569
ganga nagar extension,,
ganganahalli,,
gangondanahalli,13.025888,77.4775627
garden layout,12.9721008,77.6184589
garebhavipalya,,
garudachar palya,12.9899098,77.7011259
gattahalli,12.8685628,77.7026913
gattigere,12.9202077,77.5255006
gaundanapalya,,
gaurava nagar,,
gayathri nagar,13.0007574,77.5605988
gb palya,13.0226152,77.7057327
gd layout,,
geddalahalli,13.0367681,77.5675668
geetanjali layout,12.9767102,77.6547468
geleyara balaga layout,13.0712823,77.5061497
gidada konnenahalli,,
giri nagar,12.9168572,77.5860216
gkvk layout,13.0827075,77.6034629
gkw layout,13.0082322,77.5130081
glass factory layout,12.876373,77.5670619
gm palaya,12.974779,77.6654084
gnana bharathi,12.9529035,77.5158003
gokaula extension,,
gokula extension,13.0058913,77.5791562
gollahalli,12.821532,77.5852714
gollarahatti,12.9893002,77.4745667
gollarapalya hosahalli,,
gopal reddy layout,12.9690025,77.6934988
gopalapura,12.9806131,77.5581149
gopalkrishna nagar,,
goraguntepalya,13.0269315,77.54409
gottigere,12.8565317,77.5877237
govindapura,13.0314519,77.617598
govindaraja nagar ward,12.9755632,77.5367385
govindpura,,
govindraja nagar,,
gowdanapalya,12.9082156,77.5577974
green domain layout,12.9728468,77.7148942
green garden layout,12.8727237,77.6451233
green glen layout,12.9269039,77.6701877
green view layout,13.0052378,77.6492182
green woods layout,13.0584954,77.6263659
grihalakshmi layout,,
gubbalala,12.8856635,77.5416809
gubbi cross hennur main road,13.0843481,77.6541567
guddadahalli,12.9578934,77.5464445
gulakamale,12.8037601,77.5284309
gulimangala,12.8492767,77.7001531
guni agrahara,13.0980951,77.525062
gunjur,12.9209772,77.7361016
gunjur palya,12.9228378,77.7188315
hadosiddapura,12.8998139,77.7019238
hagadur,12.9649058,77.7558386
hal layout,12.9767102,77.6547468
hal nd stage,12.9612429,77.6369998
hal old airport road,12.9628509,77.6273702
hal rd stage,12.9702611,77.6450652
halanayakanahalli,12.8966653,77.6855489
hallehalli,,
handenahalli,12.8259815,77.7673455
hanumagiri,12.9180648,77.5363702
hanuman nagar,12.9700949,77.6561147
hanumanth nagar,12.9473478,77.5634776
hanumantha nagar,12.940641,77.5635429
haralur road,12.9018012,77.6641767
harappanahalli,12.7904755,77.6226863
harlur,12.9058923,77.675465
harohalli,13.1305028,77.5804603
harsha layout,12.9629824,77.3896189
havanur extension,,
hebbal,13.0382184,77.5919
hegde nagar,13.0720352,77.6333905
hegganahalli,13.0034737,77.5107376
hennagara,12.7906876,77.6741161
hennur,13.037077,77.6413572
hennur bande,13.0367624,77.6409616
hennur busstop,,
hennur gardens,13.0376905,77.6432902
hennur road,13.033236,77.6314559
herohalli,12.9912345,77.4870119
hessarghatta,13.0484259,77.5076232
high grounds,12.9865133,77.5830766
himagiri meadows,12.8963003,77.5894113
hiremath layout,,
hmt layout,13.03553,77.5027084
hommadevanahalli,12.8444398,77.598018
hongasandra,12.8986261,77.6286732
hoodi,12.9959233,77.7192796
hoodi circle,12.9919623,77.7154228
hoodi layout,12.9937325,77.7171734
horamavu agara,13.0366459,77.6548087
horamavu banaswadi,13.0189811,77.655591
hormavu,13.016672,77.6548126
hosa road,12.8700481,77.6535641
hosahalli,12.9660431,77.5414979
hosahalli extension,,
hosakerehalli,12.9299371,77.5374237
hosakerehalli layout,12.934592,77.5423407
hosapalya,12.8974222,77.6496873
hoskote,13.0318443,77.7618779
hoskote near,,
hosur main road,12.9232319,77.651423
hosur rmain road,,
hosur road,12.9148202,77.6242204
housing board layout vijay nagar,,
howthinarayanappa garden,,
hoysalanagar,,
hrbr layout,13.0141515,77.6340564
hsr layout,12.9116225,77.6388622
hulimavu,12.8773486,77.6028031
hullahalli,12.8244922,77.6175213
hunasamaranahalli,13.1398615,77.6230512
huskur,12.8607674,77.7071019
huttanahalli,,
iblur village,,
iggalur,12.781144,77.7014486
ilyas nagar,12.9070386,77.569309
immadihalli,12.9663991,77.762046
indira nagar rd stage,12.9768429,77.6465919
indira nagar stage,12.9768429,77.6465919
indiranagar,12.9732913,77.6404672
indranagar ft road defence colony,,
infantry road,12.9800059,77.6050006
isro layout,12.8974283,77.5573828
iti employees layout,,
iti layout,12.9665733,77.5016708
itpl,12.9846295,77.7377329
ittamadu,12.9233593,77.5418698
ivc road,13.2310899,77.6471534
j c nagar,13.006983,77.5928253
j p nagar th phase ramayya city,,
j p nagar th phase sarakki nagar,,
jagadish nagar,12.9650798,77.6646521
jagajyothi layout,,
jai bheema nagar,12.9194294,77.6169759
jakkasandra,12.9206827,77.6357104
jakkasandra extension,12.927699,77.6409796
jakkur,13.0784743,77.6068938
jakkur plantation,13.0834599,77.5980019
jakkuru layout,13.0709884,77.6171798
jaladarsini layout,,
jalahalli,13.0394104,77.5197351
jalahalli east,13.0676794,77.544685
jalahalli west,13.0533332,77.5306036
janatha colony,12.8694807,77.6960796
javarandoddi,,
jay an agar t block,,
jaya mahal layout,,
jaya nagar east,,
jayamahal,12.9959881,77.6014036
jayamahal extension,13.0011064,77.5969579
jayanti nagar,,
jaymahal road,,
jcr layout,12.933134,77.7043284
jeevan bima nagar,,
jeevanhalli,,
jigani,12.7764978,77.6326204
jinkethimmanahalli,,
jnana ganga nagar,,
jnanabharathi layout,,
jogupalya,12.9746882,77.628026
jp nagar,12.9096941,77.5866067
judicial layout,13.0837692,77.5860438
judicial layout kanakapura road,12.8616691,77.5301618
junnasandra,12.9064203,77.6835161
jyothi nagar,12.8641456,77.5817188
k g colony,13.027497,77.5869989
k n extension,13.0089634,77.5711385
k r c kothanur,,
kachanayakanahalli,12.7990299,77.6830517
kacharakanahalli,13.0222071,77.6319093
kada agrahara,12.8608726,77.7594187
kadabagere,12.9812832,77.5352373
kadarenahalli,12.9119181,77.5646668
kadubeesanahalli,12.938965,77.6964066
kadubisnahalli,,
kadugodi,12.9957428,77.7579489
kadugondanahalli,13.0207029,77.6215464
kaggadasapura,12.9812262,77.6745845
kaggalipura,12.855621,77.7246606
kaikondrahalli,12.9138348,77.6775268
kalasipalya,12.9584549,77.5808236
kalena agrahara,12.8658068,77.5911918
kalhalli,12.8803569,77.7708542
kalkere,13.0344453,77.6766779
kalkere channasandra,13.0388024,77.6810697
kallumantapa,,
kalyan nagar,13.0221416,77.6403368
kamakiya,,
kamakshipalya,12.9858669,77.5331755
kamakya layout,12.9239667,77.5492664
kamala nagar,12.9450536,77.5586486
kamanahalli main road,,
kambipura,12.8822711,77.4606466
kamdhenu nagar,12.9960265,77.6864573
kammagondahalli,,
kammanahalli,13.0148544,77.6382029
kammasandra,12.8607619,77.7415192
kanaka nagar,13.0374105,77.6082063
kanakadasa layout,12.9823009,77.5896603
kanakapur main road,,
kanakapura,12.9141438,77.5734747
kanakapura main road,12.9421348,77.5768444
kanakapura road,12.937233,77.5754215
kanakapura rod,,
kanakpura road,12.8856913,77.5526564
kannamangala,13.0155506,77.7630344
kannur,13.1014045,77.6356543
kariyammana agrahara,12.9371495,77.6873031
karnataka shabarimala,,
karuna nagar,12.921008,77.5878683
kasavanhalli,12.9047595,77.6759172
kashi nagar,12.9877862,77.5744684
kasthuri nagar east of ngef,,
kasturi nagar,13.0015277,77.6512362
kathreguppe,,
kathriguppe,12.929217,77.549692
kathriguppe iv phase,,
kattigenahalli,13.1177735,77.6261222
kaval byrasandra,13.0200235,77.6092887
kaverappa layout,12.9367886,77.6980587
kaveri nagar,13.0326126,77.6096168
kavika layout,,
keb colony,12.9347657,77.5685736
keerthi layout,12.7963302,77.7101094
kempapura,13.0478903,77.6096313
kempegowda nagar,13.0025745,77.5256814
kenchanehalli r r nagar,,
kenchenahalli,13.1200124,77.5849342
kenchenhalli,,
kengeri,12.9176571,77.4837568
kereguddadahalli,13.0798991,77.5124437
keshava nagar,12.9598176,77.5335655
kg halli,13.054916,77.5345227
kg halli jalhalli west,,
khb colony extension,,
kirloskar layout,13.0669639,77.5009307
kirloskar layout basaveshwarnagar,,
kithaganur,,
kodanda reddy layout,,
kodathi,12.8905129,77.7133427
kodbisanhalli,,
kodichikkanahalli,12.8966996,77.6124269
kodigehaali,,
kodigehalli,13.0031666,77.7272835
kodihalli,12.9635497,77.6460411
kodipalya,12.9004224,77.4871294
kogilu,13.1067228,77.6173956
konanakunte,12.8792861,77.5697529
konanakunte cross,12.8902129,77.5643128
konappana agrahara,12.8528618,77.668169
konena agrahara,12.9528903,77.6511294
koppa,12.801983,77.6276493
koramangala,12.9357366,77.624081
kothannur,,
kothanur,12.8701259,77.5820178
kothnoor dinne,,
kothnur narayanapura,,
kpc layout,12.9041861,77.6778517
kr garden,12.9549208,77.6565969
kr layout,12.9549835,77.6532944
kr puram,13.007516,77.695935
krishna nagar,12.8775024,77.5845488
krishna reddy layout,12.9704558,77.6952237
ksrtc layout,12.9128386,77.5934931
kudlu,12.8889126,77.6555716
kudlu gate,12.8895775,77.6394582
kudlu main road,12.8921814,77.6483362
kudlu village,,
kullappa colony,,
kumara park,12.9922298,77.5783472
kumarapalli,,
kumaraswami layout,,
kumbalgodu,,
kumbena agrahara,13.0017965,77.7473882
kumbhena agrahara,,
kundalahalli,12.977594,77.7155586
kundalahalli colony,12.9706554,77.7115645
kurubarahalli,12.9998012,77.5305215
kuvempu layout,12.9133887,77.6043111
kuvempu nagar,12.9144469,77.6137532
kyalasanahalli,13.0564575,77.6591321
laggere,13.0108677,77.5207301
lake city,12.8997376,77.6173368
lakkasandra,12.9381829,77.6002563
lakkasandra extension,,
lakshmi layout,12.8862931,77.6379463
lakshmiamma garden,,
lakshminarayana pura,,
lakshmipura,13.0875111,77.5314071
lakshmipura vidyaanyapura,,
lal bahadur shastri nagar,12.9678103,77.6715478
lalbagh road,12.9573479,77.5861786
langford gardens,12.9631709,77.598018
langford town,12.957998,77.6037312
lavakusha nagar,,
lavelle road,12.9683401,77.5965067
laxmi sagar layout,,
laxminarayana layout,,
lb shastri nagar,12.9660384,77.6708961
lic colony,12.9091489,77.5853379
lingadheeranahalli,,
lingarajapuram,13.0093949,77.6267881
lottegolla halli,,
m c layout,12.9730957,77.5353937
m g road,12.973071,77.6169918
m v extenstion,,
madanayakahalli,,
madavara,13.0574214,77.4728055
madiwala,12.9218931,77.6177348
magadi road,12.9756527,77.5553548
mahadevpura,12.9968412,77.6928386
mahaganapathy nagar,,
mahalakshmi layout,13.0113153,77.5446972
mahalakshmi puram,,
maheswari nagar,,
mailasandra,12.915939,77.4932278
maithri layout,12.9848621,77.7559192
makali,13.4392417,77.4890962
malimakanapura,,
mallappa layout,,
mallasandra,13.0548302,77.5155741
mallathahalli,12.969649,77.5023618
malleshpalya,12.9744129,77.6743533
malleshwaram,13.0027353,77.5703253
manayata tech park,13.0454837,77.6266492
mangammanapalya,12.9075288,77.6350312
manganahalli,12.9568799,77.4686083
mango garden layout,,
manjunath nagar,12.9536329,77.6543602
manjunatha layout,13.0250058,77.7001393
manonarayanapalya,,
manorayana palya,13.0296633,77.6061427
manyata,13.0196646,77.6550064
manyata park,13.0551983,77.62124
manyata tech park,13.0482891,77.6211004
maragondanahalli,13.0376489,77.6922232
marasandra,13.1039235,77.7114248
marathahalli,12.9552572,77.6984163
marathalli bridge,12.9566497,77.7070718
marathi layout,12.9114081,77.6443062
marenahalli,12.9182594,77.5916651
margondanahalli,,
mariyannapalya,,
marsur,12.7541941,77.7146318
maruthi extension,12.9976424,77.5631012
maruthi hbcs layout,12.9977407,77.5418368
maruthi layout,13.0870666,77.6199681
maruthi nagar,12.9746062,77.6756305
maruthi nagar kogilu,,
maruthi sevanagar,13.0027048,77.6346165
masjid e alkareem,,
mathikere,13.0333587,77.5581786
mathikere extension,,
mathikere sbm colony,13.0372442,77.5566011
mcechs layout,13.0725802,77.6152451
medahalli,13.0278454,77.7206079
medaralli,,
medi agrahara,13.1029398,77.52051
meenakshi layout,12.864332,77.5879452
meenakunte,,
mei layout bagalgunte,,
michael palaya,12.9844888,77.6467707
mico layout,12.9128289,77.6028358
milk colony,13.0093324,77.5583026
millers road,12.9885069,77.5918583
mla layout,13.0418249,77.5638494
mm layout,13.0003403,77.6179643
moodalapalya,12.9721131,77.5215397
motappa layout,,
mrcr layout,,
ms pallya,,
mudalpalaya,,
mukkutam nagar,,
mullur,,
muneshwara nagar,12.8903178,77.6389484
munivenkatppa layout,,
munnekollal,,
murugeshpalya,12.9589407,77.6555917
muthurayya swamy layout,,
muthyala nagar,,
mvj engineering college,12.984887,77.7622799
mylasandra,12.9160293,77.497544
mysore highway,12.8822917,77.4479257
mysore road,12.9466619,77.5300896
n r layout,12.9558857,77.6512156
nagadevanahalli,12.939922,77.4913207
naganathapura,12.8755868,77.6673054
nagappa reddy layout,12.9599768,77.7154704
nagaraja garden,,
nagarbhavi,12.9512353,77.519054
nagarbhavi bda complex,12.9793561,77.5105425
nagarbhavi garden villas layout,,
nagasandra,13.0479536,77.5001422
nagashetty halli,,
nagavara,13.0374647,77.623602
nagawara junction,13.0454631,77.626723
nagondanahalli,12.97516,77.7703403
naidu layout,13.0332707,77.5730946
nallurhalli,12.9766408,77.7248845
nan,12.935001,77.5931866
nandi durga road,12.9974474,77.6009869
nandi hills,13.5379282,77.7324372
nandini layout,13.0125961,77.5333145
nanjappa garden,13.0234077,77.6504121
nanjappa layout,13.0684259,77.557228
nanjappa layout vidyaranyapura,13.0684259,77.557228
narasapura,13.0721622,77.5587998
narayana nagar st block,,
narayanappa garden,12.9647744,77.7511974
narayanappa layout,12.9012546,77.7095639
narayanapura,13.0716969,77.6193949
navodaya nagar,12.8823286,77.5828765
nayandanahalli,,
ncpr industrial layout,12.9859964,77.7128545
nd block bel layout,,
nd block hbr layout,13.0340406,77.6309958
nd block hrbr layout,13.0204703,77.6241642
nd block jayanagar,12.9189992,77.5921272
nd phase judicial layout,,
nd stage arekere mico layout,,
nd stage nagarbhavi,12.9519754,77.5225956
near international airport,,
near ramanashree california resort,,
near ullas theater,,
neeladri nagar,12.8415946,77.6479125
neelamangala,,
neelasandra,12.9523859,77.6152058
nehru nagar,12.9829907,77.5744995
nelamangala,13.0979667,77.3945591
new gurappana palya,12.9242342,77.6041393
new thippasandra,12.9761264,77.660815
ngef layout,13.0377211,77.5751455
ngr layout,,
nirman layout,,
nobo nagar,12.8679232,77.5962356
nr colony,12.9388164,77.568326
nri layout,13.0271999,77.6792114
nrupathunga nagar,12.8829972,77.5837803
ns palya,12.9087935,77.6045543
nti layout,,
nyanappana halli,,
off bannergatta road,,
okalipura,12.9825341,77.5678787
old airport road,12.9584696,77.665621
old gurappanapalya,,
old madras road,13.0088647,77.6964618
old mangammanapalya road,12.899926,77.6358309
old town,13.0954569,77.5981153
omarbagh layout,,
ombr layout,13.0082113,77.652778
omkar nagar,12.89,77.5973052
outer ring road east,12.9792116,77.6952364
p krishnappa layout,12.9070818,77.6929357
p t colony,,
p t layout,12.9576681,77.6014516
padmanabhanagar,12.9181024,77.5576638
pai layout,12.9820719,77.7480909
pai layout mahadevapura,,
palace guttahalli,12.999489,77.5843469
palace road,12.9886003,77.5887689
palanahalli,13.1163349,77.6146643
pampa extension,13.0544256,77.5991953
panathur,12.9351457,77.7047541
panathur road,12.9423313,77.6949095
panduranga nagar,12.8930758,77.5961351
papareddipalya,,
parappana agrahara,12.8802089,77.6658442
park view layout,12.9728389,77.6168178
patelappa layout,,
pattanagere,12.9200602,77.506701
pattandur agrahara,12.9876393,77.7377718
pattegarhpalya,,
pavitra paradise,,
pc palaya,12.993425,77.7005156
peenya,13.0330515,77.5332233
phase kammasandra,,
pillahalli,13.1025289,77.4287996
pillanna gardens,,
pns layout,,
poorna pragna layout,,
poornapragna housing society layout,,
poornaprajna layout,12.908823,77.535944
popular colony,,
postal colony,13.0351918,77.5771223
pragathi nagar,12.9966313,77.671863
prakash nagar,12.9948984,77.5635409
prakruthi nagar,13.0978966,77.6157367
prakruthi township,13.0308767,77.6521533
prasanna layout herohalli,12.9974648,77.4970838
prasanth extension,,
prasanti nagar,,
prashanth nagar,12.9776188,77.5313254
prestige sunrise,12.8334817,77.6631176
prithvi layout,12.977178,77.7436455
pulikeshi nagar,,
pulkeshi nagar,,
punappa layout,,
puttanahalli,13.1119851,77.5770582
puttappa layout,12.9709603,77.6527383
queens road,13.0286549,77.5719067
r t nagar,13.0254156,77.5960071
race course road,12.9826943,77.5762159
rachenahalli,13.0588586,77.6232576
raghavendra layout,12.8918925,77.579749
raghavendra nagar,12.8918543,77.5777361
raghuvanahalli,13.0850111,77.7600477
rahat bagh,12.9914863,77.6613684
rahmath nagar,13.0173076,77.5917019
rainbow drive,12.9062184,77.6868318
raja rajashweri nagar,,
raja rajeshwari nagar,12.932582,77.5162034
raja rajeshwari nagar th stage,,
raja rajeshwari nagara,12.932582,77.5162034
rajagopala nagar,13.0177587,77.5141436
rajaji nagar,13.0078297,77.551192
rajankunte,13.1749344,77.5646352
rajanna layout,12.930774,77.5968998
rajapura,12.7831791,77.6631594
rajarajesheari nagar,,
rajarajeshwari nagar,12.9274413,77.5155224
rajarajeshwari nagara,12.9193976,77.5180364
rajarajeshwarinagar,12.9061275,77.519558
rajasree layout,13.0686085,77.5562896
rajiv gandhi nagar,13.0529919,77.5842533
rajiv nagar,13.0529919,77.5842533
ramagondanahalli,12.9558969,77.7405826
ramakrishnappa layout,12.9778951,77.5164792
ramamohanapuram,,
ramamurthy nagar,13.0120218,77.6777817
ramanagara channapatna,,
ramanashree enclave,,
ramanjaneyanagar,,
ramaswamy palya kammanahalli main road,,
ramchandrapuram,,
ramesh nagar,12.9633466,77.6800333
rammana layout,,
ravindra nagar t dasarahalli peenya,,
rayasandra,12.8795774,77.6719842
rbi layout,12.8873819,77.5840351
rd block banashankari,12.8817606,77.5148163
rd block hbr layout,13.0314059,77.6355596
rd block hrbr layout,13.0191027,77.6433499
rd block jayanagar,12.928559,77.5823467
rd phase iti layout,,
rd stage raja rajeshwari nagar,,
reliaable tranquil layout,,
reliable woods layout,,
remco bhel layout,,
rest house road,12.9737534,77.6064054
richards town,13.0042369,77.6170601
richmond road,12.9657678,77.6038622
richmond town,12.963555,77.6015856
ring road nagarbhavi,12.9503843,77.522121
rk colony,13.0274554,77.5772913
rk layout nd stage,,
rmc yard,13.0243692,77.5482953
rmv,13.0360109,77.5695288
rmv extension,13.0356488,77.574775
rmv extension stage,13.0356488,77.574775
rmv extension stage rmv extension,,
rmv nd stage,,
roopena agrahara,12.91064,77.6238263
rpc layout,12.9609115,77.5358407
rr layout,12.9314733,77.5290964
rr nagar,12.9314733,77.5290964
rto ullalu,,
rukmaiah layout,,
rustam bagh layout,,
rwf west colony,,
s r layout,12.9558857,77.6512156
sabari nagar,12.971655,77.6058944
sadahalli,13.2111088,77.647022
sadanand nagar,,
sadaramangala,12.9989026,77.7375086
sadashiva nagar,13.0110193,77.5808641
sadduguntepalya,,
sadhguru layout,,
sahakara nagar,13.0621474,77.5800614
sahyadri layout,12.9064193,77.5633803
sai gardens,12.9467591,77.6760671
samethanahalli,12.979363,77.7907328
sampangi rama nagar,12.9666076,77.5925094
sampangirama nagar,12.9795587,77.589992
sampige layout,12.9764697,77.528243
sampigehalli,13.0805925,77.6291328
sanjay nagar,12.9578658,77.6958748
sanjeevini nagar,13.0316481,77.6023154
sankeswari,,
sanne amanikere,,
saptagiri layout,12.8451256,77.6457413
sapthagiri layout,13.0368052,77.4960405
sarakki nagar,12.9107357,77.5829631
sarjapur,12.9116225,77.6388622
sarvabhouma nagar,12.9124073,77.5466561
sarvobhogam nagar,,
sathanur,13.0735244,77.6214579
sathya layout,12.989889,77.7186215
sathya sai layout,12.9327018,77.7039591
satyasaibaba layout,,
sbm colony,12.938813,77.5526032
seegehalli,13.0164845,77.71748
seethappa layout,,
seetharampalya,12.980531,77.7088952
seshadripuram,12.9946631,77.5747183
shakthi nagar,13.0178699,77.6165505
shampura,13.0309565,77.6111581
shankarapuram,12.9528538,77.5703309
shanthala nagar,12.9714173,77.5994394
shanthi layout,13.0167674,77.6834304
shanthi pura,,
shanthinagar,12.9578068,77.5994161
shanti nagar,12.9555367,77.5924278
shantiniketan layout,12.8824524,77.6024627
shauhardha layout,,
shettigere,13.1954297,77.649453
shettihalli,13.0587626,77.5263725
shetty halli,13.0502833,77.525675
shikaripalya,12.8359685,77.6571728
shingapura,,
shirdi sai layout,13.0668492,77.6394164
shirdi sai nagar,12.969801,77.6303775
shivaji nagar,12.988325,77.6004488
shivanagar,12.988842,77.5502831
shree ananth nagar layout,,
siddapura,12.9464207,77.5920877
sidedahalli,13.0625424,77.4953754
silk board,12.9170295,77.6223209
silver springs layout,12.9582324,77.7098778
sindhi colony,12.9946318,77.6165816
singanayakanahalli,13.1478621,77.5693207
singapura paradise,,
singapura village,13.0797045,77.5384544
singasandra,12.8787382,77.642089
singena agrahara,12.8400642,77.7126767
sir m v nagar,12.9312736,77.5704231
sk garden,13.0045682,77.6069927
smv layout,12.8819431,77.6728073
sneha colony,,
somanna garden,,
somasundara palya,,
someshwara layout,12.9035976,77.6938015
sompura,12.8778283,77.4972385
sonam layout,,
sonnenahalli,12.9433048,77.4801187
soppahalli,12.7483443,77.6763175
soundarya layout,13.066906,77.4967968
south,12.9287596,77.6287122
sree narayana nagar,12.8837645,77.5507558
sri balaji krupa layout,12.8732692,77.6460654
sri kanteshwara nagar,,
sri sai layout,13.0395959,77.64454
sri venkateshpura layout,,
srigandada kaval,12.9851531,77.5032883
srinagar,12.9484488,77.5514971
srinivas colony,12.9639012,77.6472266
srinivasa nagar,12.9877574,77.5378544
srinivasapura,13.1062092,77.6239014
srirampura,12.9964948,77.5632993
srirampuram,,
st block bel layout,,
st block hbr layout,13.0340406,77.6309958
st block hrbr layout,13.0149014,77.6290147
st block jayanagar,12.9260018,77.5953093
st john s road,12.9865503,77.6157812
st stage domlur,12.959142,77.6377909
st stage indira nagar,12.9752555,77.6388125
st stage radha krishna layout,,
st thomas town,13.0065573,77.6224071
stage bommanahalli,,
subash nagar,12.9284049,77.5179223
subbannaiah palya,,
subhash nagar,12.9899856,77.5719656
subramanya nagar,13.0047903,77.5599387
subramanyanagar,13.003352,77.553763
subramanyapura,12.8992578,77.5321721
suddaguntepalya,12.931045,77.6098888
sugama layout,,
sultan palaya,12.9635302,77.5678933
sulthangunta,,
sundar ram shetty nagar,,
sundara nagar,12.97293,77.6151399
sunder ram shetty nagar,,
sunkadakatte,12.9951556,77.5022163
sunkan palya,,
surabhi layout,13.0930374,77.6002443
suragajakkanahalli,12.7361919,77.6654422
suraksha nagar,12.9749515,77.6063599
suryanagar,12.7731527,77.6864397
syndicate bank colony,12.9798772,77.5286425
t c palya,13.0160375,77.6910921
t c palya main road,13.020674,77.6861834
t dasarahalli,13.0427796,77.5129645
t g extension,13.0013982,77.6019511
t k reddy layout,,
t r mill road,,
tala cauvery layout,,
talaghattapura,,
tasker town,12.9801622,77.605818
tata nagar,12.9358121,77.5150011
tavarekere,12.9207814,77.6108339
tc palaya,13.0106104,77.6932665
tc palya,13.0226152,77.7057327
teachers colony,12.9190507,77.6352458
tejaswini nagar,12.8601269,77.6053051
telecom layout,12.965528,77.5467051
th block banashankari rd stage feet orr,,
th block hbr layout,13.0340406,77.6309958
th block jayanagar,12.9189992,77.5921272
th block rajaji nagar,,
th cross srinivas nagar banshankari rd stage,,
th stage beml layout,,
th t block jayanagar,,
thanisandra,13.0522499,77.6316152
thanisandra main road,13.0851897,77.6349252
tharabanahalli,13.101684,77.4798441
thavarekere,12.9251875,77.6088054
thigalarapalya,13.0170955,77.4829741
thippasandra,12.8744383,77.5579029
thirumalashettyhally,,
thirumenahalli,13.0901794,77.6334125
thirupalya,12.821203,77.6660463
thomas town,13.0065573,77.6224071
thubarahalli,12.9547872,77.7213154
thurahalli,,
thyagaraja nagar,12.931392,77.5683011
thyagraj nagar,,
tigalarpalya,,
tilak nagar,12.9275876,77.5947124
tindlu,13.2338969,77.5947061
tippenahalli,13.0368275,77.4882249
tirumanahalli,,
tr mill road chamarajpet,,
tumkur road,13.0156889,77.5556755
tunganagara,12.985503,77.485068
uday nagar,12.9908579,77.6718143
udaya nagar,12.9963615,77.6724503
udayagiri,,
udayapur village,,
ullal road,12.9505535,77.4870399
ullal uppanagar,,
ulsoor,12.9778793,77.6246697
upadhyaya layout,,
upkar layout,12.9607352,77.4831822
uttarahalli,12.9055682,77.5455438
uvce layout,,
v v puram,12.9500602,77.5768521
vadarpalya,,
vaderahalli,13.0972541,77.5390599
vaishnavi layout,13.0768415,77.5529965
vajarahalli,12.8775221,77.5448072
varanasi,13.0304962,77.6860657
varsova layout,,
varthur,12.9406508,77.746988
varthur road,12.9568649,77.7027696
vasantapura main road,12.8876583,77.5507012
vasanth nagar,12.9921738,77.591459
vasantha vallabha nagar,,
vasanthapura,12.8894951,77.5596744
vasanthpura,,
vasatha vallbha nagar,,
vayunandana layout,,
veer sandra,12.8389813,77.6750305
veerabhadra nagar,12.9682085,77.6823937
veerannapalya,13.0424788,77.613342
veersandra,,
venkatadri layout,12.9479007,77.6994103
venkatapura,12.8839153,77.47028
venkateshpuram,13.013003,77.6189465
venkateswara nagar,13.04055,77.5569571
venugopal reddy layout,,
versova layout,12.9838691,77.6684718
vgp layout,,
vhbcs layout,,
vibhutipura extension,,
vibuthipura,12.9657268,77.6809824
victoria layout,12.9656579,77.6142682
vidhyanagar cross,,
vidya nagar,12.9842424,77.5865075
vidyapeeta,12.9337836,77.5609746
vidyaranyapura,13.0766407,77.5577315
vignana nagar,,
vijay nagar,12.9061299,77.5920538
vijaya bank colony,12.8934265,77.6097166
vijaya bank layout,12.8822364,77.6138592
vijayabank bank layout,,
vijayanagar,12.9709537,77.5373851
vijaypura,,
vijinapura,13.0039028,77.6736303
vikram nagar,12.8994971,77.5613308
vimanapura,12.96218,77.6635462
vinayak nagar,,
vinayaka layout,12.9682111,77.5116639
vinayaka nagar,12.9872184,77.5230958
vinayakanagar,12.9579825,77.6090092
virat nagar,,
virgonagar,13.0331172,77.734857
virudhu nagar,,
virupakshapura,13.0638109,77.5717581
vishveshwarya layout,,
vishwanatha nagenahalli,13.036775,77.6036324
vishwapriya layout,,
vishwapriya nagar,,
viswajit layout,,
viswapriyanagar begur road bommanahalli,,
vittal mallya road,12.9712477,77.5961772
vittal nagar,12.9012176,77.5550809
vittasandra,12.8699063,77.6272386
vivek nagar,12.9529247,77.6231374
viviani road,13.0036422,77.6156972
volagerekallahalli,,
vyalikaval,13.0042636,77.5751704
wajid layout thanisandra,,
weavers colony,12.8454948,77.5831295
west of chord road,12.9982067,77.5499224
wheelers road,12.9995759,77.6230526
white field kadugodi,,
whitefield,12.9963995,77.7614229
williams town,12.9991567,77.6067556
wilson garden,12.9489339,77.5968273
xavier layout,12.9646019,77.6127125
yarandahalli,12.8087698,77.6673579
yediyur,12.9301531,77.5763445
yelachenahalli,12.9006508,77.569226
yelahanka,13.1006982,77.5963454
yelenahalli,12.8646227,77.6081639
yemlur,12.9438959,77.6783535
yeshwanthpur,13.0176937,77.5555009
zuzuvadi,,
